req_id,defined_in,statement_short,sds_ref,sdd_ref,tp_ref,code_ref,test_ref,status
REQ_C_BHV_001,SRS,Prefer stocks over turbos,Documentations/SDS.md,Documentations/SDD.md,Documentations/Test-Plan.md,trading_system/strategies/core.py,,CODE
REQ_C_BHV_002,SRS,Avoid overtrading,Documentations/SDS.md,Documentations/SDD.md,Documentations/Test-Plan.md,trading_system/strategies/core.py;trading_system/strategies/protocol.py,tests/strategies/test_core.py,TEST
REQ_C_BHV_003,SRS,Auto-reject marginal trades,Documentations/SDS.md,Documentations/SDD.md,Documentations/Test-Plan.md,trading_system/tax/engine.py,tests/tax/test_engine.py,TEST
REQ_C_BHV_004,SRS,Survival > return,Documentations/SDS.md,Documentations/SDD.md,Documentations/Test-Plan.md,,,TP
REQ_C_BHV_005,SRS,Forbidden behaviors,Documentations/SDS.md,Documentations/SDD.md,Documentations/Test-Plan.md,,,TP
REQ_C_CLA_001,SRS,Claude allowed actions,Documentations/SDS.md,Documentations/SDD.md,Documentations/Test-Plan.md,trading_system/strategy_lab/generator.py;trading_system/strategy_lab/__init__.py,tests/strategy_lab/test_generator.py,TEST
REQ_C_CLA_002,SRS,Claude forbidden actions,Documentations/SDS.md,Documentations/SDD.md,Documentations/Test-Plan.md,trading_system/dashboard/engine.py;trading_system/dashboard/__init__.py;trading_system/strategy_lab/generator.py;trading_system/strategy_lab/__init__.py,,CODE
REQ_C_TAX_001,SRS,France CTO PFU only,Documentations/SDS.md,Documentations/SDD.md,Documentations/Test-Plan.md,trading_system/tax/__init__.py,,CODE
REQ_F_BCT_001,SRS,Deterministic backtest,Documentations/SDS.md,Documentations/SDD.md,Documentations/Test-Plan.md,trading_system/main.py;trading_system/backtesting/engine.py;trading_system/backtesting/config.py;trading_system/backtesting/__init__.py;trading_system/backtesting/result.py;trading_system/backtesting/clock.py;trading_system/backtesting/market_replay.py;trading_system/strategies/state.py;trading_system/data/__init__.py;trading_system/data/provider.py;trading_system/data/mock.py;trading_system/turbo_selector/stats.py;trading_system/strategy_lab/backtester.py,tests/backtesting/test_market_replay.py;tests/backtesting/test_clock.py;tests/backtesting/test_engine.py;tests/data/yfinance/test_integration.py,TEST
REQ_F_BCT_002,SRS,Simulate broker fees,Documentations/SDS.md,Documentations/SDD.md,Documentations/Test-Plan.md,trading_system/execution/fees.py;trading_system/backtesting/engine.py,tests/backtesting/test_engine.py,TEST
REQ_F_BCT_003,SRS,Simulate slippage,Documentations/SDS.md,Documentations/SDD.md,Documentations/Test-Plan.md,trading_system/execution/slippage.py,tests/backtesting/test_engine.py,TEST
REQ_F_BCT_004,SRS,Simulate turbo knockouts,Documentations/SDS.md,Documentations/SDD.md,Documentations/Test-Plan.md,trading_system/backtesting/engine.py;trading_system/backtesting/knockout.py;trading_system/portfolio/portfolio.py,tests/backtesting/test_knockout.py;tests/portfolio/test_portfolio.py,TEST
REQ_F_BCT_005,SRS,Simulate dividends,Documentations/SDS.md,Documentations/SDD.md,Documentations/Test-Plan.md,trading_system/models/trading.py;trading_system/backtesting/engine.py;trading_system/backtesting/dividends.py;trading_system/data/__init__.py;trading_system/data/provider.py;trading_system/portfolio/portfolio.py,tests/backtesting/test_dividends.py;tests/portfolio/test_portfolio.py,TEST
REQ_F_BCT_006,SRS,Apply 30% tax,Documentations/SDS.md,Documentations/SDD.md,Documentations/Test-Plan.md,trading_system/backtesting/result.py;trading_system/portfolio/portfolio.py,tests/backtesting/test_engine.py;tests/portfolio/test_portfolio.py,TEST
REQ_F_BCT_007,SRS,Simulate injection timeline,Documentations/SDS.md,Documentations/SDD.md,Documentations/Test-Plan.md,trading_system/backtesting/engine.py;trading_system/backtesting/injection_scheduler.py;trading_system/backtesting/config.py;trading_system/portfolio/portfolio.py,tests/backtesting/test_injection_scheduler.py;tests/backtesting/test_engine.py;tests/portfolio/test_portfolio.py,TEST
REQ_F_BCT_008,SRS,Walk-forward required,Documentations/SDS.md,Documentations/SDD.md,Documentations/Test-Plan.md,trading_system/backtesting/walk_forward.py,tests/backtesting/test_walk_forward.py,TEST
REQ_F_BCT_009,SRS,Phase 5+ extended walk-forward,Documentations/SDS.md,Documentations/SDD.md,Documentations/Test-Plan.md,trading_system/backtesting/walk_forward.py,tests/backtesting/test_walk_forward.py,TEST
REQ_F_BRK_001,SRS,BrokerAdapter interface,Documentations/SDS.md,Documentations/SDD.md,Documentations/Test-Plan.md,trading_system/models/__init__.py;trading_system/models/instrument.py;trading_system/execution/adapter.py;trading_system/execution/local.py;trading_system/execution/__init__.py;trading_system/execution/types.py;trading_system/backtesting/broker.py,tests/backtesting/test_broker.py,TEST
REQ_F_BRK_002,SRS,Mock adapter end-to-end,Documentations/SDS.md,Documentations/SDD.md,Documentations/Test-Plan.md,trading_system/execution/adapter.py;trading_system/execution/local.py;trading_system/execution/fees.py;trading_system/execution/__init__.py,,CODE
REQ_F_BRK_003,SRS,XTB XAPI reference adapter,Documentations/SDS.md,Documentations/SDD.md,Documentations/Test-Plan.md,trading_system/execution/__init__.py,,CODE
REQ_F_BRK_004,SRS,Adapter selected by config,Documentations/SDS.md,Documentations/SDD.md,Documentations/Test-Plan.md,trading_system/execution/__init__.py,,CODE
REQ_F_BRK_005,SRS,Non-execution modules broker-agnostic,Documentations/SDS.md,Documentations/SDD.md,Documentations/Test-Plan.md,trading_system/execution/adapter.py;trading_system/execution/__init__.py;trading_system/data/provider.py,,CODE
REQ_F_CAP_001,SRS,Starting capital from config,Documentations/SDS.md,Documentations/SDD.md,Documentations/Test-Plan.md,,,TP
REQ_F_CAP_002,SRS,Phase engine selects from equity+injections,Documentations/SDS.md,Documentations/SDD.md,Documentations/Test-Plan.md,trading_system/phase_engine/__init__.py,tests/phase_engine/test_engine.py,TEST
REQ_F_CAP_003,SRS,Six phases defined,Documentations/SDS.md,Documentations/SDD.md,Documentations/Test-Plan.md,trading_system/phase_engine/__init__.py;trading_system/models/__init__.py;trading_system/models/phase.py,tests/phase_engine/test_engine.py,TEST
REQ_F_CAP_004,SRS,Phase thresholds configurable,Documentations/SDS.md,Documentations/SDD.md,Documentations/Test-Plan.md,trading_system/phase_engine/loader.py;trading_system/phase_engine/__init__.py;trading_system/models/phase.py,tests/phase_engine/test_loader.py,TEST
REQ_F_CAP_005,SRS,Hysteresis on phase downgrades,Documentations/SDS.md,Documentations/SDD.md,Documentations/Test-Plan.md,trading_system/phase_engine/engine.py;trading_system/phase_engine/__init__.py,tests/phase_engine/test_engine.py,TEST
REQ_F_CAP_006,SRS,Phase 1 constraints,Documentations/SDS.md,Documentations/SDD.md,Documentations/Test-Plan.md,trading_system/phase_engine/__init__.py;trading_system/models/phase.py;trading_system/turbo_selector/engine.py;trading_system/turbo_selector/__init__.py,tests/turbo_selector/test_engine.py,TEST
REQ_F_CAP_007,SRS,Phase 2 constraints,Documentations/SDS.md,Documentations/SDD.md,Documentations/Test-Plan.md,,,TP
REQ_F_CAP_008,SRS,Phase 3 constraints,Documentations/SDS.md,Documentations/SDD.md,Documentations/Test-Plan.md,,,TP
REQ_F_CAP_009,SRS,Phase 4 constraints,Documentations/SDS.md,Documentations/SDD.md,Documentations/Test-Plan.md,,,TP
REQ_F_CAP_010,SRS,Phase 5 constraints,Documentations/SDS.md,Documentations/SDD.md,Documentations/Test-Plan.md,,,TP
REQ_F_CAP_011,SRS,Phase 6 constraints,Documentations/SDS.md,Documentations/SDD.md,Documentations/Test-Plan.md,,,TP
REQ_F_CAP_012,SRS,Phase 5+ portfolio vol cap,Documentations/SDS.md,Documentations/SDD.md,Documentations/Test-Plan.md,trading_system/phase_engine/engine.py;trading_system/phase_engine/__init__.py;trading_system/models/phase.py,tests/phase_engine/test_loader.py;tests/phase_engine/test_engine.py,TEST
REQ_F_CAP_013,SRS,Risk per trade per phase,Documentations/SDS.md,Documentations/SDD.md,Documentations/Test-Plan.md,trading_system/phase_engine/__init__.py;trading_system/strategies/tactical.py;trading_system/risk/engine.py,tests/strategies/test_tactical.py,TEST
REQ_F_CAP_014,SRS,Stop-loss mandatory,Documentations/SDS.md,Documentations/SDD.md,Documentations/Test-Plan.md,trading_system/models/__init__.py;trading_system/models/trading.py;trading_system/strategies/tactical.py;trading_system/risk/engine.py;trading_system/portfolio/portfolio.py,tests/models/test_trading.py;tests/strategies/test_tactical.py;tests/portfolio/test_portfolio.py,TEST
REQ_F_CFL_001,SRS,Track initial+injections+deployed+equity,Documentations/SDS.md,Documentations/SDD.md,Documentations/Test-Plan.md,trading_system/capital_flow/__init__.py;trading_system/capital_flow/flow.py;trading_system/models/__init__.py;trading_system/models/flow.py;trading_system/backtesting/injection_scheduler.py,tests/capital_flow/test_flow.py,TEST
REQ_F_CFL_002,SRS,Performance excludes injections,Documentations/SDS.md,Documentations/SDD.md,Documentations/Test-Plan.md,trading_system/capital_flow/flow.py;trading_system/models/flow.py;trading_system/backtesting/result.py;trading_system/analytics/engine.py;trading_system/milestone_controller/controller.py,tests/capital_flow/test_flow.py;tests/backtesting/test_injection_scheduler.py,TEST
REQ_F_CFL_003,SRS,Risk sizing scales with total capital,Documentations/SDS.md,Documentations/SDD.md,Documentations/Test-Plan.md,,,TP
REQ_F_CFL_004,SRS,Backtests simulate injection timeline,Documentations/SDS.md,Documentations/SDD.md,Documentations/Test-Plan.md,trading_system/capital_flow/flow.py;trading_system/backtesting/injection_scheduler.py,tests/capital_flow/test_flow.py;tests/backtesting/test_injection_scheduler.py,TEST
REQ_F_DAT_001,SRS,A backtest historical-data adapter SHALL exist alongside `MockMarketD…,Documentations/SDS.md,Documentations/SDD.md,Documentations/Test-Plan.md,trading_system/data/yfinance/__init__.py;trading_system/data/yfinance/provider.py,tests/data/yfinance/test_integration.py;tests/data/yfinance/test_provider.py,TEST
REQ_F_DAT_002,SRS,The adapter SHALL source OHLCV bars from Yahoo Finance via the `yfina…,Documentations/SDS.md,Documentations/SDD.md,Documentations/Test-Plan.md,trading_system/data/yfinance/symbols.py,tests/data/yfinance/test_symbols.py,TEST
REQ_F_DAT_003,SRS,The adapter SHALL source dividend events at **per-share** granularity…,Documentations/SDS.md,Documentations/SDD.md,Documentations/Test-Plan.md,trading_system/data/yfinance/mappers.py,tests/data/yfinance/test_mappers.py,TEST
REQ_F_DAT_004,SRS,"Every `(symbol, timeframe, start, end)` fetch SHALL be persisted to a…",Documentations/SDS.md,Documentations/SDD.md,Documentations/Test-Plan.md,trading_system/data/yfinance/cache.py;trading_system/data/yfinance/provider.py,tests/data/yfinance/test_cache.py,TEST
REQ_F_DAT_005,SRS,On cache hit the adapter SHALL NOT open a network connection; reads a…,Documentations/SDS.md,Documentations/SDD.md,Documentations/Test-Plan.md,trading_system/data/yfinance/cache.py;trading_system/data/yfinance/provider.py,tests/data/yfinance/test_provider.py;tests/data/yfinance/test_cache.py,TEST
REQ_F_DAT_006,SRS,A constructor flag `allow_network` (default `False`) SHALL gate live…,Documentations/SDS.md,Documentations/SDD.md,Documentations/Test-Plan.md,trading_system/data/yfinance/provider.py,tests/data/yfinance/test_integration.py;tests/data/yfinance/test_provider.py;tests/data/yfinance/test_cache.py,TEST
REQ_F_DAT_007,SRS,All numeric fields SHALL cross the adapter boundary as `Decimal`; flo…,Documentations/SDS.md,Documentations/SDD.md,Documentations/Test-Plan.md,trading_system/data/yfinance/mappers.py,tests/data/yfinance/test_mappers.py,TEST
REQ_F_DAT_008,SRS,`Bar.close` SHALL carry the **unadjusted** close as reported by Yahoo…,Documentations/SDS.md,Documentations/SDD.md,Documentations/Test-Plan.md,trading_system/data/yfinance/mappers.py;trading_system/data/yfinance/provider.py,tests/data/yfinance/test_mappers.py,TEST
REQ_F_DAT_009,SRS,The adapter SHALL be forbidden from being instantiated when the syste…,Documentations/SDS.md,Documentations/SDD.md,Documentations/Test-Plan.md,trading_system/data/yfinance/__init__.py;trading_system/data/yfinance/provider.py,tests/data/yfinance/test_provider.py,TEST
REQ_F_DAT_010,SRS,The adapter SHALL NOT introduce a new fundamentals source; `Fundament…,Documentations/SDS.md,Documentations/SDD.md,Documentations/Test-Plan.md,trading_system/data/yfinance/provider.py,tests/data/yfinance/test_provider.py,TEST
REQ_F_DSH_001,SRS,Dashboard fields,Documentations/SDS.md,Documentations/SDD.md,Documentations/Test-Plan.md,trading_system/main.py;trading_system/dashboard/engine.py;trading_system/dashboard/view.py;trading_system/dashboard/__init__.py,tests/test_main.py;tests/dashboard/test_engine.py,TEST
REQ_F_MIL_001,SRS,Configurable milestone list,Documentations/SDS.md,Documentations/SDD.md,Documentations/Test-Plan.md,trading_system/milestone_controller/controller.py;trading_system/milestone_controller/__init__.py,tests/milestone_controller/test_controller.py,TEST
REQ_F_MIL_002,SRS,Milestone validation conditions,Documentations/SDS.md,Documentations/SDD.md,Documentations/Test-Plan.md,trading_system/milestone_controller/controller.py;trading_system/milestone_controller/metrics.py,tests/milestone_controller/test_controller.py,TEST
REQ_F_MIL_003,SRS,Gradual scaling at milestone,Documentations/SDS.md,Documentations/SDD.md,Documentations/Test-Plan.md,trading_system/milestone_controller/controller.py,tests/milestone_controller/test_controller.py,TEST
REQ_F_MIL_004,SRS,Reject fake growth,Documentations/SDS.md,Documentations/SDD.md,Documentations/Test-Plan.md,trading_system/milestone_controller/controller.py;trading_system/milestone_controller/metrics.py,tests/milestone_controller/test_controller.py,TEST
REQ_F_MTO_001,SRS,Bounded research engine,Documentations/SDS.md,Documentations/SDD.md,Documentations/Test-Plan.md,trading_system/strategy_lab/generator.py;trading_system/strategy_lab/__init__.py,tests/strategy_lab/test_generator.py,TEST
REQ_F_MTO_002,SRS,8-step pipeline,Documentations/SDS.md,Documentations/SDD.md,Documentations/Test-Plan.md,trading_system/strategy_lab/candidate.py;trading_system/strategy_lab/generator.py;trading_system/strategy_lab/__init__.py;trading_system/strategy_lab/backtester.py;trading_system/strategy_lab/risk_guard.py;trading_system/strategy_lab/evaluator.py;trading_system/strategy_lab/loop_controller.py,tests/strategy_lab/test_loop_controller.py;tests/strategy_lab/test_generator.py;tests/strategy_lab/test_evaluator.py;tests/strategy_lab/test_risk_guard.py,TEST
REQ_F_MTO_003,SRS,Score formula,Documentations/SDS.md,Documentations/SDD.md,Documentations/Test-Plan.md,trading_system/strategy_lab/metrics.py;trading_system/strategy_lab/evaluator.py;trading_system/strategy_lab/scoring.py,tests/strategy_lab/test_metrics.py;tests/strategy_lab/test_scoring.py,TEST
REQ_F_MTO_004,SRS,Walk-forward gate,Documentations/SDS.md,Documentations/SDD.md,Documentations/Test-Plan.md,trading_system/strategy_lab/evaluator.py,tests/strategy_lab/test_evaluator.py,TEST
REQ_F_MTO_005,SRS,Registry versioning,Documentations/SDS.md,Documentations/SDD.md,Documentations/Test-Plan.md,trading_system/strategy_lab/metrics.py;trading_system/strategy_lab/registry.py,tests/strategy_lab/test_loop_controller.py;tests/strategy_lab/test_registry.py,TEST
REQ_F_MTO_006,SRS,Self-improvement rule,Documentations/SDS.md,Documentations/SDD.md,Documentations/Test-Plan.md,trading_system/strategy_lab/metrics.py;trading_system/strategy_lab/risk_guard.py;trading_system/strategy_lab/loop_controller.py;trading_system/strategy_lab/optimizer.py;trading_system/strategy_lab/registry.py,tests/strategy_lab/test_metrics.py;tests/strategy_lab/test_loop_controller.py;tests/strategy_lab/test_optimizer.py;tests/strategy_lab/test_risk_guard.py,TEST
REQ_F_MTO_007,SRS,ImprovementReport per cycle,Documentations/SDS.md,Documentations/SDD.md,Documentations/Test-Plan.md,trading_system/models/meta.py;trading_system/models/__init__.py;trading_system/strategy_lab/risk_guard.py;trading_system/strategy_lab/evaluator.py;trading_system/strategy_lab/loop_controller.py,tests/strategy_lab/test_loop_controller.py,TEST
REQ_F_MTO_008,SRS,Regime evaluation,Documentations/SDS.md,Documentations/SDD.md,Documentations/Test-Plan.md,trading_system/models/phase.py;trading_system/strategy_lab/metrics.py;trading_system/strategy_lab/risk_guard.py,tests/strategy_lab/test_metrics.py;tests/strategy_lab/test_risk_guard.py,TEST
REQ_F_PER_001,SRS,The system SHALL persist its state to a single SQLite database via a…,Documentations/SDS.md,Documentations/SDD.md,Documentations/Test-Plan.md,,,TP
REQ_F_PER_002,SRS,The persistence layer SHALL expose one repository per aggregate root:…,Documentations/SDS.md,Documentations/SDD.md,Documentations/Test-Plan.md,,,TP
REQ_F_PER_003,SRS,Writes SHALL be wrapped in explicit transactions (`BEGIN ... COMMIT`…,Documentations/SDS.md,Documentations/SDD.md,Documentations/Test-Plan.md,,,TP
REQ_F_PER_004,SRS,"On startup, the system SHALL run any pending forward migrations under…",Documentations/SDS.md,Documentations/SDD.md,Documentations/Test-Plan.md,,,TP
REQ_F_PER_005,SRS,Every persisted row carrying monetary or ratio data SHALL store `Deci…,Documentations/SDS.md,Documentations/SDD.md,Documentations/Test-Plan.md,,,TP
REQ_F_PER_006,SRS,`RegistryRepository` SHALL implement the operator-token-authenticated…,Documentations/SDS.md,Documentations/SDD.md,Documentations/Test-Plan.md,,,TP
REQ_F_PER_007,SRS,`BacktestResultRepository` SHALL archive every `BacktestResult` keyed…,Documentations/SDS.md,Documentations/SDD.md,Documentations/Test-Plan.md,,,TP
REQ_F_PER_008,SRS,`KillSwitchSnapshotRepository` SHALL replace the existing `FileSnapsh…,Documentations/SDS.md,Documentations/SDD.md,Documentations/Test-Plan.md,,,TP
REQ_F_PER_009,SRS,Every persisted aggregate SHALL carry an `account_id` column (CR-006)…,Documentations/SDS.md,Documentations/SDD.md,Documentations/Test-Plan.md,,,TP
REQ_F_PER_010,SRS,The persistence layer SHALL be the ONLY component that imports `sqlit…,Documentations/SDS.md,Documentations/SDD.md,Documentations/Test-Plan.md,,,TP
REQ_F_PRT_001,SRS,Track cash/positions/gains/dividends/equity,Documentations/SDS.md,Documentations/SDD.md,Documentations/Test-Plan.md,trading_system/safety/anomaly.py;trading_system/models/flow.py;trading_system/execution/types.py;trading_system/strategies/protocol.py;trading_system/portfolio/__init__.py;trading_system/portfolio/portfolio.py,tests/portfolio/test_portfolio.py,TEST
REQ_F_PRT_002,SRS,Phase 6 NAV+attribution,Documentations/SDS.md,Documentations/SDD.md,Documentations/Test-Plan.md,trading_system/analytics/engine.py;trading_system/analytics/__init__.py;trading_system/portfolio/portfolio.py,tests/analytics/test_engine.py;tests/portfolio/test_portfolio.py,TEST
REQ_F_PRT_003,SRS,Diversification enforced,Documentations/SDS.md,Documentations/SDD.md,Documentations/Test-Plan.md,trading_system/risk/mapping.py;trading_system/portfolio/__init__.py;trading_system/portfolio/portfolio.py,tests/portfolio/test_portfolio.py,TEST
REQ_F_RSK_001,SRS,Per-phase max drawdown,Documentations/SDS.md,Documentations/SDD.md,Documentations/Test-Plan.md,trading_system/risk/engine.py;trading_system/risk/__init__.py,,CODE
REQ_F_RSK_002,SRS,Single-asset exposure cap,Documentations/SDS.md,Documentations/SDD.md,Documentations/Test-Plan.md,trading_system/risk/engine.py;trading_system/risk/config.py;trading_system/risk/__init__.py;trading_system/risk/mapping.py,,CODE
REQ_F_RSK_003,SRS,Correlation monitoring,Documentations/SDS.md,Documentations/SDD.md,Documentations/Test-Plan.md,trading_system/risk/engine.py;trading_system/risk/config.py,,CODE
REQ_F_RSK_004,SRS,Phase 5+ vol cap,Documentations/SDS.md,Documentations/SDD.md,Documentations/Test-Plan.md,,,TP
REQ_F_RSK_005,SRS,Risk engine failure trips kill switch,Documentations/SDS.md,Documentations/SDD.md,Documentations/Test-Plan.md,trading_system/risk/engine.py,,CODE
REQ_F_SCR_001,SRS,EU dividend screener criteria,Documentations/SDS.md,Documentations/SDD.md,Documentations/Test-Plan.md,trading_system/main.py;trading_system/data/__init__.py;trading_system/data/provider.py;trading_system/data/types.py;trading_system/screener/engine.py;trading_system/screener/config.py;trading_system/screener/__init__.py,tests/screener/test_engine.py,TEST
REQ_F_SCR_002,SRS,Scored ranking output,Documentations/SDS.md,Documentations/SDD.md,Documentations/Test-Plan.md,trading_system/screener/engine.py;trading_system/screener/config.py;trading_system/screener/__init__.py,tests/screener/test_engine.py,TEST
REQ_F_SCT_001,SRS,The system SHALL ship a sector rotator under `wealth_ops/sector_rotat…,Documentations/SDS.md,Documentations/SDD.md,Documentations/Test-Plan.md,trading_system/wealth_ops/sector_rotator/__init__.py;trading_system/wealth_ops/sector_rotator/rotator.py,tests/wealth_ops/sector_rotator/test_rotator.py,TEST
REQ_F_SCT_002,SRS,The rotator SHALL maintain a regime-to-sector-tilt table mapping each…,Documentations/SDS.md,Documentations/SDD.md,Documentations/Test-Plan.md,trading_system/wealth_ops/sector_rotator/rotator.py;trading_system/wealth_ops/sector_rotator/regime_sector_bias.py,tests/wealth_ops/sector_rotator/test_rotator.py;tests/wealth_ops/sector_rotator/test_regime_sector_bias.py,TEST
REQ_F_SCT_003,SRS,Every rotation proposal SHALL respect a minimum holding period per se…,Documentations/SDS.md,Documentations/SDD.md,Documentations/Test-Plan.md,trading_system/wealth_ops/sector_rotator/policy.py;trading_system/wealth_ops/sector_rotator/rotator.py,tests/wealth_ops/sector_rotator/test_policy.py;tests/wealth_ops/sector_rotator/test_rotator.py,TEST
REQ_F_SCT_004,SRS,A whipsaw guard SHALL reject rotation proposals that would re-enter a…,Documentations/SDS.md,Documentations/SDD.md,Documentations/Test-Plan.md,trading_system/wealth_ops/sector_rotator/policy.py;trading_system/wealth_ops/sector_rotator/rotator.py,tests/wealth_ops/sector_rotator/test_policy.py;tests/wealth_ops/sector_rotator/test_rotator.py,TEST
REQ_F_SCT_005,SRS,Sector identifiers SHALL come from the screener's `Fundamentals.secto…,Documentations/SDS.md,Documentations/SDD.md,Documentations/Test-Plan.md,trading_system/wealth_ops/sector_rotator/taxonomy.py;trading_system/wealth_ops/sector_rotator/rotator.py,tests/wealth_ops/sector_rotator/test_taxonomy.py;tests/wealth_ops/sector_rotator/test_rotator.py,TEST
REQ_F_SCT_006,SRS,A rotation cap SHALL bound the per-period rotation count (default: at…,Documentations/SDS.md,Documentations/SDD.md,Documentations/Test-Plan.md,trading_system/wealth_ops/sector_rotator/policy.py;trading_system/wealth_ops/sector_rotator/rotator.py,tests/wealth_ops/sector_rotator/test_policy.py;tests/wealth_ops/sector_rotator/test_rotator.py,TEST
REQ_F_SCT_007,SRS,Every emitted rotation proposal SHALL carry provenance: source regime…,Documentations/SDS.md,Documentations/SDD.md,Documentations/Test-Plan.md,trading_system/models/meta.py;trading_system/wealth_ops/sector_rotator/rotator.py,tests/models/test_rotation_proposal.py;tests/wealth_ops/sector_rotator/test_rotator.py,TEST
REQ_F_STP_001,SRS,Structured products <=10%,Documentations/SDS.md,Documentations/SDD.md,Documentations/Test-Plan.md,trading_system/structured_products/__init__.py;trading_system/structured_products/admission.py,tests/structured_products/test_admission.py,TEST
REQ_F_STP_002,SRS,Decomposition mandatory,Documentations/SDS.md,Documentations/SDD.md,Documentations/Test-Plan.md,trading_system/structured_products/decomposers.py;trading_system/structured_products/__init__.py;trading_system/structured_products/admission.py;trading_system/structured_products/decomposition.py;trading_system/models/__init__.py;trading_system/models/instrument.py,tests/structured_products/test_admission.py,TEST
REQ_F_STP_003,SRS,Allowed regimes only,Documentations/SDS.md,Documentations/SDD.md,Documentations/Test-Plan.md,trading_system/structured_products/__init__.py;trading_system/structured_products/admission.py,tests/structured_products/test_admission.py,TEST
REQ_F_STP_004,SRS,Forbidden regimes block,Documentations/SDS.md,Documentations/SDD.md,Documentations/Test-Plan.md,trading_system/structured_products/__init__.py;trading_system/risk/engine.py;trading_system/risk/config.py,tests/structured_products/test_admission.py,TEST
REQ_F_STP_005,SRS,Stress + liquidity tests,Documentations/SDS.md,Documentations/SDD.md,Documentations/Test-Plan.md,trading_system/structured_products/__init__.py;trading_system/structured_products/admission.py;trading_system/structured_products/stress.py,tests/structured_products/test_admission.py,TEST
REQ_F_STP_006,SRS,Issuer diversification,Documentations/SDS.md,Documentations/SDD.md,Documentations/Test-Plan.md,trading_system/structured_products/__init__.py;trading_system/structured_products/admission.py;trading_system/portfolio/portfolio.py,tests/structured_products/test_admission.py,TEST
REQ_F_STP_007,SRS,No turbo+SP stacking on same underlying,Documentations/SDS.md,Documentations/SDD.md,Documentations/Test-Plan.md,trading_system/structured_products/__init__.py;trading_system/structured_products/admission.py;trading_system/portfolio/portfolio.py,tests/structured_products/test_admission.py,TEST
REQ_F_STR_001,SRS,Core strategy long-term/dividend,Documentations/SDS.md,Documentations/SDD.md,Documentations/Test-Plan.md,trading_system/main.py;trading_system/strategies/__init__.py;trading_system/strategies/core.py;trading_system/strategies/protocol.py,tests/strategies/test_core.py,TEST
REQ_F_STR_002,SRS,Tactical strategy trend/breakout/pullback,Documentations/SDS.md,Documentations/SDD.md,Documentations/Test-Plan.md,trading_system/strategies/__init__.py;trading_system/strategies/tactical.py,tests/strategies/test_tactical.py,TEST
REQ_F_STR_003,SRS,Walk-forward validation required,Documentations/SDS.md,Documentations/SDD.md,Documentations/Test-Plan.md,trading_system/strategies/__init__.py,,CODE
REQ_F_STR_004,SRS,Phase 6 multi-strategy ensemble,Documentations/SDS.md,Documentations/SDD.md,Documentations/Test-Plan.md,trading_system/strategies/ensemble.py;trading_system/strategies/__init__.py,tests/strategies/test_ensemble.py,TEST
REQ_F_TAX_001,SRS,30% tax on realized gains,Documentations/SDS.md,Documentations/SDD.md,Documentations/Test-Plan.md,trading_system/models/money.py;trading_system/tax/engine.py;trading_system/tax/config.py;trading_system/tax/__init__.py;trading_system/portfolio/portfolio.py,tests/tax/test_engine.py;tests/portfolio/test_portfolio.py,TEST
REQ_F_TAX_002,SRS,30% tax on dividends,Documentations/SDS.md,Documentations/SDD.md,Documentations/Test-Plan.md,trading_system/models/trading.py;trading_system/models/money.py;trading_system/backtesting/dividends.py;trading_system/tax/engine.py;trading_system/tax/__init__.py;trading_system/portfolio/portfolio.py,tests/backtesting/test_dividends.py;tests/portfolio/test_portfolio.py,TEST
REQ_F_TAX_003,SRS,Trade gate: net_profit > 5x fees after tax,Documentations/SDS.md,Documentations/SDD.md,Documentations/Test-Plan.md,trading_system/models/meta.py;trading_system/backtesting/engine.py;trading_system/strategies/_estimates.py;trading_system/tax/engine.py;trading_system/tax/__init__.py,tests/strategies/test_core.py;tests/tax/test_engine.py,TEST
REQ_F_TAX_004,SRS,Optimize after-tax never gross,Documentations/SDS.md,Documentations/SDD.md,Documentations/Test-Plan.md,trading_system/tax/engine.py;trading_system/tax/harvest.py;trading_system/tax/__init__.py,,CODE
REQ_F_TAX_005,SRS,Backtests apply taxes,Documentations/SDS.md,Documentations/SDD.md,Documentations/Test-Plan.md,,,TP
REQ_F_TAX_006,SRS,Phase 5+ tax-loss harvesting,Documentations/SDS.md,Documentations/SDD.md,Documentations/Test-Plan.md,trading_system/wealth_ops/__init__.py;trading_system/tax/engine.py;trading_system/tax/harvest.py;trading_system/tax/config.py;trading_system/tax/__init__.py,tests/tax/test_harvest.py,TEST
REQ_F_TRB_001,SRS,Turbo 3-step pipeline,Documentations/SDS.md,Documentations/SDD.md,Documentations/Test-Plan.md,trading_system/turbo_selector/engine.py;trading_system/turbo_selector/__init__.py,tests/turbo_selector/test_engine.py,TEST
REQ_F_TRB_002,SRS,Turbo filter criteria,Documentations/SDS.md,Documentations/SDD.md,Documentations/Test-Plan.md,trading_system/turbo_selector/engine.py;trading_system/turbo_selector/stats.py;trading_system/turbo_selector/config.py;trading_system/turbo_selector/__init__.py;trading_system/risk/engine.py,,CODE
REQ_F_TRB_003,SRS,Turbo scoring formula,Documentations/SDS.md,Documentations/SDD.md,Documentations/Test-Plan.md,trading_system/turbo_selector/config.py;trading_system/turbo_selector/__init__.py;trading_system/turbo_selector/score.py,,CODE
REQ_F_TRB_004,SRS,No-trade if score below threshold,Documentations/SDS.md,Documentations/SDD.md,Documentations/Test-Plan.md,trading_system/turbo_selector/engine.py;trading_system/turbo_selector/config.py;trading_system/turbo_selector/__init__.py,tests/turbo_selector/test_engine.py,TEST
REQ_F_TRB_005,SRS,Turbo risk = invested capital only,Documentations/SDS.md,Documentations/SDD.md,Documentations/Test-Plan.md,trading_system/models/instrument.py;trading_system/execution/local.py;trading_system/backtesting/knockout.py;trading_system/turbo_selector/__init__.py;trading_system/portfolio/portfolio.py,tests/execution/test_local.py;tests/backtesting/test_knockout.py;tests/portfolio/test_portfolio.py,TEST
REQ_F_TRB_006,SRS,Turbo candidate fields required,Documentations/SDS.md,Documentations/SDD.md,Documentations/Test-Plan.md,trading_system/models/__init__.py;trading_system/models/instrument.py;trading_system/turbo_selector/__init__.py,tests/backtesting/test_knockout.py,TEST
REQ_NF_AUD_001,SRS,Snapshot on KS event,Documentations/SDS.md,Documentations/SDD.md,Documentations/Test-Plan.md,trading_system/safety/__init__.py;trading_system/safety/state_manager.py;trading_system/safety/snapshot.py;trading_system/models/safety.py,,CODE
REQ_NF_DAT_001,SRS,"Once a `(symbol, timeframe, start, end)` tuple is cached by the histo…",Documentations/SDS.md,Documentations/SDD.md,Documentations/Test-Plan.md,trading_system/data/yfinance/__init__.py;trading_system/data/yfinance/cache.py;trading_system/data/yfinance/provider.py,tests/data/yfinance/test_integration.py;tests/data/yfinance/test_provider.py;tests/data/yfinance/test_cache.py,TEST
REQ_NF_DET_001,SRS,Deterministic backtest engine,Documentations/SDS.md,Documentations/SDD.md,Documentations/Test-Plan.md,trading_system/backtesting/engine.py;trading_system/backtesting/config.py;trading_system/backtesting/__init__.py;trading_system/backtesting/result.py;trading_system/backtesting/clock.py;trading_system/backtesting/walk_forward.py;trading_system/backtesting/market_replay.py;trading_system/strategies/state.py;trading_system/data/mock.py;trading_system/strategy_lab/backtester.py,tests/backtesting/test_market_replay.py;tests/backtesting/test_clock.py;tests/backtesting/test_engine.py;tests/backtesting/test_walk_forward.py;tests/strategy_lab/test_loop_controller.py;tests/data/yfinance/test_integration.py,TEST
REQ_NF_LIF_001,SRS,DO-178C lifecycle,Documentations/SDS.md,Documentations/SDD.md,Documentations/Test-Plan.md,,,TP
REQ_NF_LIF_002,SRS,Changes restart lifecycle,Documentations/SDS.md,Documentations/SDD.md,Documentations/Test-Plan.md,,,TP
REQ_NF_LOG_001,SRS,Logging trades/KS/reports,Documentations/SDS.md,Documentations/SDD.md,Documentations/Test-Plan.md,trading_system/analytics/engine.py;trading_system/analytics/__init__.py;trading_system/milestone_controller/metrics.py,tests/analytics/test_engine.py,TEST
REQ_NF_PER_001,SRS,The persistence layer SHALL preserve replay determinism: writing then…,Documentations/SDS.md,Documentations/SDD.md,Documentations/Test-Plan.md,,,TP
REQ_NF_REP_001,SRS,Strategy reproducibility,Documentations/SDS.md,Documentations/SDD.md,Documentations/Test-Plan.md,trading_system/strategy_lab/candidate.py;trading_system/strategy_lab/evaluator.py;trading_system/strategy_lab/registry.py,tests/strategy_lab/test_registry.py;tests/strategy_lab/test_evaluator.py,TEST
REQ_NF_SCT_001,SRS,"The rotator SHALL be deterministic given the tuple `(regime, screener…",Documentations/SDS.md,Documentations/SDD.md,Documentations/Test-Plan.md,trading_system/wealth_ops/sector_rotator/__init__.py,tests/wealth_ops/sector_rotator/test_rotator.py,TEST
REQ_NF_TRC_001,SRS,Full traceability,Documentations/SDS.md,Documentations/SDD.md,Documentations/Test-Plan.md,trading_system/__init__.py;trading_system/models/identifiers.py,,CODE
REQ_O_001,SRS,The repository SHALL deliver a runnable Python project with no pseudo…,Documentations/SDS.md,Documentations/SDD.md,Documentations/Test-Plan.md,trading_system/main.py,tests/test_main.py,TEST
REQ_O_002,SRS,`main.py` SHALL demonstrate end-to-end: connect (mock or selected bro…,Documentations/SDS.md,Documentations/SDD.md,Documentations/Test-Plan.md,trading_system/main.py,tests/test_main.py,TEST
REQ_O_003,SRS,"Starting capital, broker selection, and phase thresholds SHALL be rea…",Documentations/SDS.md,Documentations/SDD.md,Documentations/Test-Plan.md,trading_system/main.py,tests/test_main.py,TEST
REQ_SDD_ALG_001,SDD,Tax computations SHALL round to 2 decimal places using ROUND_HALF_UP.…,,Documentations/SDD.md,Documentations/Test-Plan.md,trading_system/tax/engine.py;trading_system/tax/__init__.py,tests/tax/test_engine.py,TEST
REQ_SDD_ALG_002,SDD,Phase-engine downgrade hysteresis SHALL default to 10% below the lowe…,,Documentations/SDD.md,Documentations/Test-Plan.md,trading_system/phase_engine/engine.py;trading_system/phase_engine/__init__.py,tests/phase_engine/test_engine.py,TEST
REQ_SDD_ALG_003,SDD,Strategy stability score SHALL be a 12-month rolling Sharpe with at l…,,Documentations/SDD.md,Documentations/Test-Plan.md,,,TP
REQ_SDD_ALG_004,SDD,"Walk-forward windows SHALL default to (train=24m, valid=6m, oos=6m) f…",,Documentations/SDD.md,Documentations/Test-Plan.md,trading_system/backtesting/walk_forward.py,tests/backtesting/test_walk_forward.py,TEST
REQ_SDD_ALG_005,SDD,Drawdown SHALL be computed as `1 − current_equity_after_tax / peak_eq…,,Documentations/SDD.md,Documentations/Test-Plan.md,trading_system/models/flow.py;trading_system/risk/engine.py;trading_system/risk/metrics.py;trading_system/risk/__init__.py,tests/risk/test_engine.py,TEST
REQ_SDD_ALG_006,SDD,Single-day loss kill-switch threshold SHALL default to 5% of after-ta…,,Documentations/SDD.md,Documentations/Test-Plan.md,trading_system/safety/loader.py;trading_system/safety/__init__.py;trading_system/safety/anomaly.py,,CODE
REQ_SDD_ALG_007,SDD,Rapid-decline detection SHALL trip on a ≥10% drawdown over 5 trading…,,Documentations/SDD.md,Documentations/Test-Plan.md,trading_system/safety/loader.py;trading_system/safety/__init__.py;trading_system/safety/anomaly.py,,CODE
REQ_SDD_ALG_008,SDD,Correlation guard SHALL use 60-day rolling Pearson correlation betwee…,,Documentations/SDD.md,Documentations/Test-Plan.md,trading_system/risk/engine.py;trading_system/risk/config.py;trading_system/risk/metrics.py;trading_system/risk/__init__.py,,CODE
REQ_SDD_ALG_009,SDD,Portfolio-level annualized volatility cap SHALL default to 12% in Pha…,,Documentations/SDD.md,Documentations/Test-Plan.md,trading_system/risk/engine.py;trading_system/risk/metrics.py;trading_system/risk/__init__.py,tests/risk/test_engine.py,TEST
REQ_SDD_ALG_010,SDD,Phase-6 ensemble weights SHALL be inverse-volatility normalized (risk…,,Documentations/SDD.md,Documentations/Test-Plan.md,trading_system/strategies/ensemble.py;trading_system/strategies/__init__.py,tests/strategies/test_ensemble.py,TEST
REQ_SDD_ALG_011,SDD,Turbo knockout-distance score SHALL be a sigmoid centred at the confi…,,Documentations/SDD.md,Documentations/Test-Plan.md,trading_system/turbo_selector/engine.py;trading_system/turbo_selector/config.py;trading_system/turbo_selector/__init__.py;trading_system/turbo_selector/score.py,tests/turbo_selector/test_score.py,TEST
REQ_SDD_ALG_012,SDD,Structured-product decomposition rules SHALL map: AUTOCALL → conditio…,,Documentations/SDD.md,Documentations/Test-Plan.md,trading_system/structured_products/decomposers.py;trading_system/structured_products/__init__.py;trading_system/structured_products/admission.py;trading_system/structured_products/decomposition.py,tests/structured_products/test_admission.py,TEST
REQ_SDD_ALG_013,SDD,"Structured-product stress scenarios SHALL include −20% crash, vol×3,…",,Documentations/SDD.md,Documentations/Test-Plan.md,trading_system/structured_products/__init__.py;trading_system/structured_products/admission.py;trading_system/structured_products/stress.py,tests/structured_products/test_admission.py,TEST
REQ_SDD_ALG_014,SDD,Structured-product issuer concentration SHALL be capped at 25% of the…,,Documentations/SDD.md,Documentations/Test-Plan.md,trading_system/structured_products/__init__.py;trading_system/structured_products/admission.py,tests/structured_products/test_admission.py,TEST
REQ_SDD_ALG_015,SDD,Fake-growth detection SHALL trip on any of: 30-day cumulative gain >…,,Documentations/SDD.md,Documentations/Test-Plan.md,trading_system/milestone_controller/controller.py;trading_system/milestone_controller/metrics.py;trading_system/milestone_controller/__init__.py,tests/milestone_controller/test_controller.py,TEST
REQ_SDD_ALG_016,SDD,`RiskEngine.pre_trade` SHALL evaluate gates in this order and SHALL s…,,Documentations/SDD.md,Documentations/Test-Plan.md,trading_system/safety/protocol.py;trading_system/backtesting/engine.py;trading_system/risk/engine.py;trading_system/risk/__init__.py,tests/risk/test_engine.py,TEST
REQ_SDD_ALG_017,SDD,`CapitalFlow.observe` SHALL maintain `injections` sorted by `at` asce…,,Documentations/SDD.md,Documentations/Test-Plan.md,trading_system/capital_flow/__init__.py;trading_system/capital_flow/flow.py;trading_system/models/flow.py;trading_system/backtesting/injection_scheduler.py,tests/capital_flow/test_flow.py,TEST
REQ_SDD_ALG_018,SDD,`Screener` SHALL evaluate filters in this order (cheapest first): yie…,,Documentations/SDD.md,Documentations/Test-Plan.md,trading_system/screener/engine.py;trading_system/screener/__init__.py,tests/screener/test_engine.py,TEST
REQ_SDD_ALG_019,SDD,"`Backtest` tick ordering SHALL be deterministic by `(timestamp ASC, i…",,Documentations/SDD.md,Documentations/Test-Plan.md,trading_system/backtesting/engine.py;trading_system/backtesting/config.py;trading_system/backtesting/__init__.py;trading_system/backtesting/market_replay.py,tests/backtesting/test_market_replay.py,TEST
REQ_SDD_ALG_020,SDD,`PhaseConstraints.allocation_targets` SHALL sum to `1.0 ± 1e-9`; devi…,,Documentations/SDD.md,Documentations/Test-Plan.md,trading_system/models/phase.py,tests/phase_engine/test_engine.py,TEST
REQ_SDD_ALG_021,SDD,Screener filter rules SHALL be exposed as a public immutable `FILTER_…,,Documentations/SDD.md,Documentations/Test-Plan.md,trading_system/screener/engine.py,tests/screener/test_engine.py,TEST
REQ_SDD_ALG_022,SDD,"`screen(universe, data, cfg)` SHALL treat an `Err` from `data.fundame…",,Documentations/SDD.md,Documentations/Test-Plan.md,trading_system/turbo_selector/engine.py;trading_system/screener/engine.py,tests/screener/test_engine.py,TEST
REQ_SDD_ALG_023,SDD,"Screener score helpers (`stability_score`, `yield_quality_score`, `va…",,Documentations/SDD.md,Documentations/Test-Plan.md,trading_system/screener/engine.py,tests/screener/test_engine.py,TEST
REQ_SDD_API_001,SDD,`Strategy.evaluate(state)` SHALL be read-only over `state`; mutation…,,Documentations/SDD.md,Documentations/Test-Plan.md,trading_system/strategies/ensemble.py;trading_system/strategies/__init__.py;trading_system/strategies/core.py;trading_system/strategies/state.py;trading_system/strategies/tactical.py;trading_system/strategies/protocol.py;trading_system/screener/engine.py,tests/strategies/test_protocol.py,TEST
REQ_SDD_API_002,SDD,"Adapter contracts (`BrokerAdapter`, `MarketDataProvider`, `AlertChann…",,Documentations/SDD.md,Documentations/Test-Plan.md,trading_system/safety/__init__.py;trading_system/safety/state_manager.py;trading_system/safety/protocol.py;trading_system/execution/adapter.py;trading_system/execution/local.py;trading_system/execution/__init__.py;trading_system/strategies/__init__.py;trading_system/strategies/protocol.py;trading_system/data/__init__.py;trading_system/data/provider.py;trading_system/turbo_selector/engine.py,tests/safety/test_protocol.py;tests/execution/test_fees.py;tests/strategies/test_protocol.py;tests/data/test_mock.py,TEST
REQ_SDD_API_003,SDD,`SafetyLayer.must_halt()` SHALL be O(1) — a single atomic read of the…,,Documentations/SDD.md,Documentations/Test-Plan.md,trading_system/safety/__init__.py;trading_system/safety/state_manager.py;trading_system/safety/protocol.py,,CODE
REQ_SDD_API_004,SDD,`Config` SHALL be a `@dataclass(frozen=True)` value; runtime mutation…,,Documentations/SDD.md,Documentations/Test-Plan.md,trading_system/phase_engine/loader.py;trading_system/safety/loader.py;trading_system/safety/state_manager.py;trading_system/turbo_selector/config.py;trading_system/risk/config.py;trading_system/tax/config.py;trading_system/screener/config.py,,CODE
REQ_SDD_API_005,SDD,`Strategy.id` SHALL be unique within the registry; attempting to stor…,,Documentations/SDD.md,Documentations/Test-Plan.md,trading_system/strategies/ensemble.py;trading_system/strategies/__init__.py;trading_system/strategies/core.py;trading_system/strategies/tactical.py;trading_system/strategies/protocol.py,tests/strategies/test_core.py;tests/strategies/test_tactical.py,TEST
REQ_SDD_API_006,SDD,`BrokerAdapter.submit` and `BrokerAdapter.cancel` SHALL be idempotent…,,Documentations/SDD.md,Documentations/Test-Plan.md,trading_system/execution/adapter.py;trading_system/execution/local.py;trading_system/execution/__init__.py,tests/execution/test_local.py,TEST
REQ_SDD_API_007,SDD,`MarketDataProvider.bars` SHALL return bars in strictly ascending `at…,,Documentations/SDD.md,Documentations/Test-Plan.md,trading_system/data/__init__.py;trading_system/data/provider.py,tests/data/test_mock.py,TEST
REQ_SDD_CFG_001,SDD,Default tax rate SHALL be `0.30` in `tax.yaml`. *Derives from: REQ_F_…,,Documentations/SDD.md,Documentations/Test-Plan.md,trading_system/tax/config.py;trading_system/tax/__init__.py,tests/tax/test_config.py,TEST
REQ_SDD_CFG_002,SDD,Default trade-gate multiplier SHALL be `5` in `tax.yaml`. *Derives fr…,,Documentations/SDD.md,Documentations/Test-Plan.md,trading_system/tax/config.py;trading_system/tax/__init__.py,tests/tax/test_config.py,TEST
REQ_SDD_CFG_003,SDD,"Default phase boundaries SHALL be `[3000, 10000, 50000, 200000, 10000…",,Documentations/SDD.md,Documentations/Test-Plan.md,,tests/phase_engine/test_loader.py,TEST
REQ_SDD_CFG_004,SDD,Default turbo scoring weights SHALL be `0.35 / 0.25 / 0.20 / 0.20` in…,,Documentations/SDD.md,Documentations/Test-Plan.md,trading_system/turbo_selector/engine.py;trading_system/turbo_selector/config.py;trading_system/turbo_selector/__init__.py,,CODE
REQ_SDD_CFG_005,SDD,Default meta-loop scoring weights SHALL be `0.4 / 0.3 / 0.2 / 0.1` in…,,Documentations/SDD.md,Documentations/Test-Plan.md,,,TP
REQ_SDD_DAT_001,SDD,`Order` and `Position` SHALL carry a non-optional `StopLoss` field; c…,,Documentations/SDD.md,Documentations/Test-Plan.md,trading_system/models/__init__.py;trading_system/models/trading.py;trading_system/strategies/tactical.py;trading_system/risk/engine.py;trading_system/portfolio/portfolio.py,tests/portfolio/test_portfolio.py,TEST
REQ_SDD_DAT_002,SDD,`Position.opened_at` and `Position.avg_price` SHALL be set at constru…,,Documentations/SDD.md,Documentations/Test-Plan.md,trading_system/models/trading.py,,CODE
REQ_SDD_DAT_003,SDD,"`EquityPoint` SHALL store `(at, equity_gross, equity_after_tax, drawd…",,Documentations/SDD.md,Documentations/Test-Plan.md,trading_system/models/__init__.py;trading_system/models/flow.py,,CODE
REQ_SDD_DAT_004,SDD,"`RegistryEntry` SHALL store `(strategy_id, git_sha, config_hash, seed…",,Documentations/SDD.md,Documentations/Test-Plan.md,trading_system/strategy_lab/candidate.py;trading_system/strategy_lab/registry.py,tests/strategy_lab/test_registry.py,TEST
REQ_SDD_DAT_005,SDD,`Trade.fees` SHALL be the executed fee amount returned by the adapter…,,Documentations/SDD.md,Documentations/Test-Plan.md,trading_system/models/meta.py;trading_system/models/trading.py;trading_system/backtesting/broker.py;trading_system/strategies/_estimates.py;trading_system/portfolio/__init__.py;trading_system/portfolio/portfolio.py,tests/models/test_trading.py;tests/portfolio/test_portfolio.py,TEST
REQ_SDD_DAT_006,SDD,`Order.quantity` and `Position.quantity` magnitude SHALL be strictly…,,Documentations/SDD.md,Documentations/Test-Plan.md,trading_system/models/trading.py,tests/models/test_trading.py,TEST
REQ_SDD_DAT_007,SDD,`Phase` enum values SHALL be the integers 1..6; constructors SHALL re…,,Documentations/SDD.md,Documentations/Test-Plan.md,trading_system/models/__init__.py;trading_system/models/phase.py,,CODE
REQ_SDD_DAT_008,SDD,`KillSwitchTrigger.snapshot_id` SHALL be a non-empty string referenci…,,Documentations/SDD.md,Documentations/Test-Plan.md,trading_system/models/__init__.py;trading_system/models/safety.py,,CODE
REQ_SDD_DAT_009,SDD,"Screener output types SHALL be: `ScoreBreakdown(stability, yield_qual…",,Documentations/SDD.md,Documentations/Test-Plan.md,trading_system/screener/engine.py,tests/screener/test_engine.py,TEST
REQ_SDD_DAT_010,SDD,"`YFinanceCache.CacheKey` SHALL be `(symbol, timeframe, start, end)` w…",,Documentations/SDD.md,Documentations/Test-Plan.md,trading_system/data/yfinance/__init__.py;trading_system/data/yfinance/cache.py,tests/data/yfinance/test_cache.py,TEST
REQ_SDD_DAT_011,SDD,`data/yfinance/symbols.yahoo_symbol_for(instr)` SHALL map an `Instrum…,,Documentations/SDD.md,Documentations/Test-Plan.md,trading_system/data/yfinance/symbols.py,tests/data/yfinance/test_symbols.py,TEST
REQ_SDD_DAT_012,SDD,Adapter error categories SHALL be the closed set `{data:cache_miss_of…,,Documentations/SDD.md,Documentations/Test-Plan.md,trading_system/data/yfinance/cache.py;trading_system/data/yfinance/symbols.py;trading_system/data/yfinance/provider.py,tests/data/yfinance/test_provider.py;tests/data/yfinance/test_cache.py;tests/data/yfinance/test_symbols.py,TEST
REQ_SDD_DAT_013,SDD,`YFinanceMarketDataProvider.latest(instr)` SHALL NOT open a network c…,,Documentations/SDD.md,Documentations/Test-Plan.md,trading_system/data/yfinance/provider.py,tests/data/yfinance/test_provider.py,TEST
REQ_SDD_ERR_001,SDD,Validation failures at type construction SHALL raise `ValueError`; al…,Documentations/SDS.md,Documentations/SDD.md,Documentations/Test-Plan.md,trading_system/result.py;trading_system/phase_engine/engine.py;trading_system/models/__init__.py;trading_system/models/money.py;trading_system/backtesting/market_replay.py,tests/test_result.py;tests/models/test_money.py,TEST
REQ_SDD_ERR_002,SDD,`BrokerAdapter` and `MarketDataProvider` errors SHALL be mapped to `R…,Documentations/SDS.md,Documentations/SDD.md,Documentations/Test-Plan.md,trading_system/phase_engine/loader.py;trading_system/safety/loader.py;trading_system/execution/adapter.py;trading_system/execution/local.py;trading_system/execution/__init__.py;trading_system/data/provider.py;trading_system/turbo_selector/engine.py;trading_system/turbo_selector/loader.py;trading_system/risk/loader.py,tests/phase_engine/test_loader.py;tests/data/test_mock.py,TEST
REQ_SDD_ERR_003,SDD,"Any internal inconsistency in `risk/` (e.g., contradictory verdicts o…",,Documentations/SDD.md,Documentations/Test-Plan.md,trading_system/risk/engine.py;trading_system/risk/__init__.py,,CODE
REQ_SDD_ERR_004,SDD,"Configuration validation errors SHALL include the file path, the offe…",,Documentations/SDD.md,Documentations/Test-Plan.md,,tests/phase_engine/test_loader.py,TEST
REQ_SDD_ERR_005,SDD,A failed `AlertChannel.deliver` SHALL retry with exponential backoff…,,Documentations/SDD.md,Documentations/Test-Plan.md,trading_system/safety/alerts.py;trading_system/safety/__init__.py;trading_system/data/yfinance/provider.py,tests/data/yfinance/test_provider.py,TEST
REQ_SDD_IMP_001,SDD,Source-tree layout SHALL match the SDS module decomposition exactly:…,,Documentations/SDD.md,Documentations/Test-Plan.md,,,TP
REQ_SDD_IMP_002,SDD,Each module SHALL declare an `__all__` listing its public surface; sy…,,Documentations/SDD.md,Documentations/Test-Plan.md,,,TP
REQ_SDD_IMP_003,SDD,The dependency graph between top-level packages SHALL be acyclic; an…,,Documentations/SDD.md,Documentations/Test-Plan.md,,,TP
REQ_SDD_IMP_004,SDD,Each module's package docstring SHALL list the SRS / SDS / SDD requir…,,Documentations/SDD.md,Documentations/Test-Plan.md,,,TP
REQ_SDD_IMP_005,SDD,The runtime tree (`trading_system/`) SHALL NOT import from `strategy_…,,Documentations/SDD.md,Documentations/Test-Plan.md,trading_system/__init__.py,,CODE
REQ_SDD_IMP_006,SDD,"Engine modules (`tax/`, `risk/`, `phase_engine/`, `screener/`, `turbo…",,Documentations/SDD.md,Documentations/Test-Plan.md,trading_system/result.py;trading_system/phase_engine/engine.py;trading_system/phase_engine/loader.py;trading_system/safety/loader.py;trading_system/models/__init__.py;trading_system/turbo_selector/loader.py;trading_system/tax/__init__.py;trading_system/screener/__init__.py,,CODE
REQ_SDD_LOG_001,SDD,"Trade log entries SHALL include `(trade_id, order_id, strategy_id, in…",,Documentations/SDD.md,Documentations/Test-Plan.md,,,TP
REQ_SDD_LOG_002,SDD,"Kill-switch event log entries SHALL include `(snapshot_id, state_from…",,Documentations/SDD.md,Documentations/Test-Plan.md,trading_system/safety/state_manager.py,,CODE
REQ_SDD_LOG_003,SDD,"`ImprovementReport` log entries SHALL include `(cycle_id, best_strate…",,Documentations/SDD.md,Documentations/Test-Plan.md,trading_system/models/meta.py,,CODE
REQ_SDD_NAM_001,SDD,Type names SHALL be `PascalCase`; function and variable names SHALL b…,,Documentations/SDD.md,Documentations/Test-Plan.md,,,TP
REQ_SDD_NAM_002,SDD,"Concrete adapter classes SHALL end in `Adapter` (e.g., `XTBAdapter`);…",,Documentations/SDD.md,Documentations/Test-Plan.md,,,TP
REQ_SDD_NAM_003,SDD,"Configuration record types SHALL end in `Config` (e.g., `ScreenerConf…",,Documentations/SDD.md,Documentations/Test-Plan.md,,,TP
REQ_SDD_NAM_004,SDD,Result-returning function names SHALL describe the outcome (`trade_pa…,,Documentations/SDD.md,Documentations/Test-Plan.md,,,TP
REQ_SDD_PER_001,SDD,`SafetyLayer.must_halt()` SHALL execute in O(1) time and SHALL NOT ac…,,Documentations/SDD.md,Documentations/Test-Plan.md,,,TP
REQ_SDD_PER_002,SDD,`PhaseEngine.resolve()` SHALL execute in O(N) where N is the number o…,,Documentations/SDD.md,Documentations/Test-Plan.md,trading_system/phase_engine/__init__.py,,CODE
REQ_SDD_PER_003,SDD,`RiskEngine.pre_trade()` SHALL execute in O(P) where P is the number…,,Documentations/SDD.md,Documentations/Test-Plan.md,,,TP
REQ_SDD_PER_004,SDD,"Backtest throughput on the mock provider SHALL achieve ≥ 10,000 ticks…",,Documentations/SDD.md,Documentations/Test-Plan.md,trading_system/backtesting/__init__.py;trading_system/backtesting/market_replay.py,tests/backtesting/test_market_replay.py,TEST
REQ_SDD_PER_005,SDD,"Portfolio mutation paths (`apply()`, equity recording) SHALL be O(1)…",,Documentations/SDD.md,Documentations/Test-Plan.md,,,TP
REQ_SDD_PER_006,SDD,"`BacktestResultRepository.lookup(strategy_id, git_sha, config_hash, s…",,Documentations/SDD.md,Documentations/Test-Plan.md,,,TP
REQ_SDD_PER_007,SDD,`KillSwitchSnapshotRepository.write(snapshot)` SHALL be the default `…,,Documentations/SDD.md,Documentations/Test-Plan.md,,,TP
REQ_SDD_PER_008,SDD,Every schema table SHALL carry an `account_id` column with `DEFAULT '…,,Documentations/SDD.md,Documentations/Test-Plan.md,,,TP
REQ_SDD_SCT_001,SDD,`RegimeSectorBias.table` weights SHALL sum to `1.0 +/- 1e-9` per regi…,,Documentations/SDD.md,Documentations/Test-Plan.md,trading_system/wealth_ops/sector_rotator/__init__.py;trading_system/wealth_ops/sector_rotator/regime_sector_bias.py,tests/wealth_ops/sector_rotator/test_regime_sector_bias.py,TEST
REQ_SDD_SCT_002,SDD,"`SectorRotator.evaluate(state, phase)` SHALL short-circuit to `()` wh…",,Documentations/SDD.md,Documentations/Test-Plan.md,trading_system/wealth_ops/sector_rotator/rotator.py,tests/wealth_ops/sector_rotator/test_rotator.py,TEST
REQ_SDD_SCT_003,SDD,"`SectorTaxonomy.validate(sector)` SHALL return `Err(""data:unknown_sec…",,Documentations/SDD.md,Documentations/Test-Plan.md,trading_system/wealth_ops/sector_rotator/taxonomy.py;trading_system/wealth_ops/sector_rotator/rotator.py,tests/wealth_ops/sector_rotator/test_taxonomy.py,TEST
REQ_SDD_SCT_004,SDD,"`RotationProposal` SHALL be a `@dataclass(frozen=True, slots=True)` c…",,Documentations/SDD.md,Documentations/Test-Plan.md,trading_system/models/meta.py,tests/models/test_rotation_proposal.py,TEST
REQ_SDD_SCT_005,SDD,`HoldingState` SHALL be the single mutable cursor for the rotator; re…,,Documentations/SDD.md,Documentations/Test-Plan.md,trading_system/wealth_ops/sector_rotator/policy.py;trading_system/wealth_ops/sector_rotator/__init__.py;trading_system/wealth_ops/sector_rotator/rotator.py,tests/wealth_ops/sector_rotator/test_policy.py;tests/wealth_ops/sector_rotator/test_rotator.py,TEST
REQ_SDD_SCT_006,SDD,"A regime episode SHALL be the half-open interval `[entered_at, regime…",,Documentations/SDD.md,Documentations/Test-Plan.md,trading_system/wealth_ops/sector_rotator/policy.py;trading_system/wealth_ops/sector_rotator/rotator.py,tests/wealth_ops/sector_rotator/test_rotator.py,TEST
REQ_SDD_SCT_007,SDD,`min_holding_days` SHALL be enforced on every sector flagged for exit…,,Documentations/SDD.md,Documentations/Test-Plan.md,trading_system/wealth_ops/sector_rotator/policy.py;trading_system/wealth_ops/sector_rotator/rotator.py,tests/wealth_ops/sector_rotator/test_rotator.py,TEST
REQ_SDD_TST_001,SDD,A shared `BrokerAdapter` conformance test suite (`tests/adapters/conf…,,Documentations/SDD.md,Documentations/Test-Plan.md,trading_system/execution/adapter.py,,CODE
REQ_SDD_TST_002,SDD,`MockMarketDataProvider` SHALL produce identical bar series for ident…,,Documentations/SDD.md,Documentations/Test-Plan.md,trading_system/execution/slippage.py;trading_system/data/__init__.py;trading_system/data/mock.py,tests/data/test_mock.py,TEST
REQ_SDD_TST_003,SDD,"Tax-engine tests SHALL include boundary cases: zero gain, exact gate…",,Documentations/SDD.md,Documentations/Test-Plan.md,,tests/tax/test_engine.py,TEST
REQ_SDD_TST_004,SDD,Phase-engine tests SHALL include a hysteresis-flapping fixture that t…,,Documentations/SDD.md,Documentations/Test-Plan.md,,,TP
REQ_SDD_TST_005,SDD,"Kill-switch tests SHALL cover every trigger code (financial, strategy…",,Documentations/SDD.md,Documentations/Test-Plan.md,,,TP
REQ_SDD_TST_006,SDD,Backtest reproducibility SHALL be asserted by running each shipped st…,,Documentations/SDD.md,Documentations/Test-Plan.md,,,TP
REQ_SDD_TYP_001,SDD,All monetary and percentage-of-capital quantities SHALL use `decimal.…,,Documentations/SDD.md,Documentations/Test-Plan.md,trading_system/models/meta.py;trading_system/models/__init__.py;trading_system/models/trading.py;trading_system/models/flow.py;trading_system/models/money.py;trading_system/execution/fees.py;trading_system/execution/types.py;trading_system/strategies/state.py;trading_system/data/types.py;trading_system/turbo_selector/stats.py;trading_system/turbo_selector/score.py;trading_system/risk/metrics.py;trading_system/tax/harvest.py,tests/models/test_money.py,TEST
REQ_SDD_TYP_002,SDD,"Domain identifiers (`OrderId`, `TradeId`, `InstrumentId`, `StrategyId…",,Documentations/SDD.md,Documentations/Test-Plan.md,trading_system/models/__init__.py;trading_system/models/identifiers.py;trading_system/models/instrument.py,,CODE
REQ_SDD_TYP_003,SDD,"Enumerations (`Currency`, `Side`, `OrderType`, `OrderStatus`, `Phase`…",,Documentations/SDD.md,Documentations/Test-Plan.md,trading_system/models/__init__.py;trading_system/models/trading.py;trading_system/models/phase.py;trading_system/models/money.py;trading_system/models/safety.py;trading_system/models/instrument.py;trading_system/data/types.py,tests/models/test_money.py,TEST
REQ_SDD_TYP_004,SDD,`AllocationBucket` SHALL be a `StrEnum` with the five values `STOCK /…,,Documentations/SDD.md,Documentations/Test-Plan.md,trading_system/analytics/engine.py;trading_system/risk/engine.py;trading_system/risk/mapping.py,tests/models/test_phase.py,TEST
REQ_SDS_ARC_001,SDS,The system SHALL be organized into eight layers (L0–L7) with strict d…,Documentations/SDS.md,Documentations/SDD.md,Documentations/Test-Plan.md,trading_system/__init__.py,,CODE
REQ_SDS_ARC_002,SDS,"Engines (tax, risk, phase, screener, turbo, scoring, backtest) SHALL…",Documentations/SDS.md,Documentations/SDD.md,Documentations/Test-Plan.md,trading_system/__init__.py;trading_system/result.py;trading_system/phase_engine/engine.py;trading_system/execution/fees.py;trading_system/backtesting/engine.py;trading_system/screener/__init__.py,,CODE
REQ_SDS_ARC_003,SDS,The safety layer SHALL act as a veto over execution; every call to `B…,Documentations/SDS.md,Documentations/SDD.md,Documentations/Test-Plan.md,,,TP
REQ_SDS_ARC_004,SDS,The runtime SHALL be a single-process event-driven loop; the same loo…,Documentations/SDS.md,Documentations/SDD.md,Documentations/Test-Plan.md,,,TP
REQ_SDS_ARC_005,SDS,All randomness SHALL be seeded; the seed SHALL be part of `Config` so…,Documentations/SDS.md,Documentations/SDD.md,Documentations/Test-Plan.md,trading_system/execution/adapter.py;trading_system/execution/local.py;trading_system/execution/slippage.py;trading_system/backtesting/engine.py;trading_system/backtesting/config.py,,CODE
REQ_SDS_ARC_006,SDS,Time SHALL be abstracted via a `Clock` interface; no module outside `…,Documentations/SDS.md,Documentations/SDD.md,Documentations/Test-Plan.md,trading_system/backtesting/engine.py;trading_system/backtesting/clock.py;trading_system/data/mock.py,tests/backtesting/test_clock.py,TEST
REQ_SDS_CFG_001,SDS,"Configuration SHALL be split across eight YAML files (`system`, `phas…",Documentations/SDS.md,Documentations/SDD.md,Documentations/Test-Plan.md,,,TP
REQ_SDS_CFG_002,SDS,Schema validation SHALL run before any decisioning module initializes…,Documentations/SDS.md,Documentations/SDD.md,Documentations/Test-Plan.md,trading_system/phase_engine/loader.py,tests/phase_engine/test_loader.py,TEST
REQ_SDS_CFG_003,SDS,Kill-switch trigger thresholds SHALL be loaded once at startup and SH…,Documentations/SDS.md,Documentations/SDD.md,Documentations/Test-Plan.md,trading_system/safety/loader.py;trading_system/safety/state_manager.py,,CODE
REQ_SDS_CRS_001,SDS,"All logs SHALL be JSON-line records with categories (`trade`, `decisi…",Documentations/SDS.md,Documentations/SDD.md,Documentations/Test-Plan.md,,,TP
REQ_SDS_CRS_002,SDS,Every kill-switch state transition SHALL persist a snapshot artifact…,Documentations/SDS.md,Documentations/SDD.md,Documentations/Test-Plan.md,trading_system/safety/__init__.py;trading_system/safety/snapshot.py,,CODE
REQ_SDS_CRS_003,SDS,"The strategy registry SHALL store, for every validated entry: code re…",Documentations/SDS.md,Documentations/SDD.md,Documentations/Test-Plan.md,trading_system/strategy_lab/candidate.py;trading_system/strategy_lab/metrics.py;trading_system/strategy_lab/registry.py,tests/strategy_lab/test_registry.py,TEST
REQ_SDS_CRS_004,SDS,"Behavioral defaults (preferring stocks, rejecting marginal trades, bl…",Documentations/SDS.md,Documentations/SDD.md,Documentations/Test-Plan.md,,,TP
REQ_SDS_DAT_001,SDS,`data/yfinance/` SHALL sit at L2 alongside `MockProvider`; runtime mo…,Documentations/SDS.md,Documentations/SDD.md,Documentations/Test-Plan.md,trading_system/data/yfinance/__init__.py;trading_system/data/yfinance/provider.py,tests/data/yfinance/test_provider.py,TEST
REQ_SDS_DAT_002,SDS,The local cache SHALL be the system of record for replay determinism:…,Documentations/SDS.md,Documentations/SDD.md,Documentations/Test-Plan.md,trading_system/data/yfinance/cache.py;trading_system/data/yfinance/provider.py,tests/data/yfinance/test_provider.py;tests/data/yfinance/test_cache.py,TEST
REQ_SDS_DAT_003,SDS,The mapper layer SHALL convert every numeric field from yfinance / pa…,Documentations/SDS.md,Documentations/SDD.md,Documentations/Test-Plan.md,trading_system/data/yfinance/mappers.py,tests/data/yfinance/test_mappers.py,TEST
REQ_SDS_DAT_004,SDS,The provider SHALL panic at construction if `system.yaml`'s `run_mode…,Documentations/SDS.md,Documentations/SDD.md,Documentations/Test-Plan.md,trading_system/data/yfinance/__init__.py;trading_system/data/yfinance/provider.py,tests/data/yfinance/test_provider.py,TEST
REQ_SDS_FLO_001,SDS,Every trade decision SHALL traverse the order: tax-aware gate → risk…,Documentations/SDS.md,Documentations/SDD.md,Documentations/Test-Plan.md,trading_system/dashboard/engine.py;trading_system/strategies/__init__.py;trading_system/risk/engine.py;trading_system/risk/__init__.py,,CODE
REQ_SDS_FLO_002,SDS,"`phase_engine` SHALL distribute `PhaseConstraints` to `risk/`, `strat…",Documentations/SDS.md,Documentations/SDD.md,Documentations/Test-Plan.md,trading_system/phase_engine/engine.py;trading_system/phase_engine/__init__.py;trading_system/strategies/tactical.py,tests/phase_engine/test_engine.py,TEST
REQ_SDS_FLO_003,SDS,"Backtests SHALL use the same trade-decision pipeline as live runs, sw…",Documentations/SDS.md,Documentations/SDD.md,Documentations/Test-Plan.md,trading_system/backtesting/engine.py;trading_system/backtesting/broker.py;trading_system/strategy_lab/backtester.py,tests/backtesting/test_broker.py;tests/backtesting/test_engine.py;tests/data/yfinance/test_integration.py,TEST
REQ_SDS_FLO_004,SDS,The runtime SHALL never invoke `strategy_lab/` modules other than the…,Documentations/SDS.md,Documentations/SDD.md,Documentations/Test-Plan.md,,,TP
REQ_SDS_FLO_005,SDS,"Kill-switch monitors (financial, strategy, execution, integrity) SHAL…",Documentations/SDS.md,Documentations/SDD.md,Documentations/Test-Plan.md,trading_system/safety/recovery.py,,CODE
REQ_SDS_INT_001,SDS,"The `BrokerAdapter` interface SHALL specify `submit`, `cancel`, `posi…",Documentations/SDS.md,Documentations/SDD.md,Documentations/Test-Plan.md,trading_system/execution/adapter.py;trading_system/execution/local.py;trading_system/execution/__init__.py,,CODE
REQ_SDS_INT_002,SDS,"The `MarketDataProvider` interface SHALL specify `bars`, `latest`, `d…",Documentations/SDS.md,Documentations/SDD.md,Documentations/Test-Plan.md,trading_system/backtesting/market_replay.py;trading_system/data/__init__.py;trading_system/data/provider.py;trading_system/data/mock.py;trading_system/data/types.py,tests/backtesting/test_market_replay.py;tests/data/yfinance/test_integration.py,TEST
REQ_SDS_INT_003,SDS,The `AlertChannel` interface SHALL deliver kill-switch state-change n…,Documentations/SDS.md,Documentations/SDD.md,Documentations/Test-Plan.md,trading_system/safety/alerts.py;trading_system/safety/__init__.py,,CODE
REQ_SDS_INT_004,SDS,"`Config` SHALL be a frozen, dependency-injected object; no runtime mo…",Documentations/SDS.md,Documentations/SDD.md,Documentations/Test-Plan.md,trading_system/main.py;trading_system/phase_engine/loader.py;trading_system/turbo_selector/config.py;trading_system/risk/config.py;trading_system/tax/config.py;trading_system/screener/config.py;trading_system/wealth_ops/sector_rotator/policy.py;trading_system/wealth_ops/sector_rotator/taxonomy.py;trading_system/wealth_ops/sector_rotator/regime_sector_bias.py,,CODE
REQ_SDS_MOD_001,SDS,`config/` SHALL run schema validation at startup including cross-fiel…,Documentations/SDS.md,Documentations/SDD.md,Documentations/Test-Plan.md,,,TP
REQ_SDS_MOD_002,SDS,`models/` SHALL contain only data types with input validation; it SHA…,Documentations/SDS.md,Documentations/SDD.md,Documentations/Test-Plan.md,trading_system/models/__init__.py,,CODE
REQ_SDS_MOD_003,SDS,"The tax module's public functions (`net_gain`, `net_dividend`, `trade…",Documentations/SDS.md,Documentations/SDD.md,Documentations/Test-Plan.md,trading_system/tax/engine.py;trading_system/tax/harvest.py;trading_system/tax/__init__.py,,CODE
REQ_SDS_MOD_004,SDS,The phase engine's state machine SHALL be monotone-up by default and…,Documentations/SDS.md,Documentations/SDD.md,Documentations/Test-Plan.md,trading_system/phase_engine/__init__.py,,CODE
REQ_SDS_MOD_005,SDS,"`capital_flow/` SHALL expose an ""equity excluding injections"" series…",Documentations/SDS.md,Documentations/SDD.md,Documentations/Test-Plan.md,trading_system/capital_flow/__init__.py;trading_system/capital_flow/flow.py;trading_system/backtesting/result.py;trading_system/analytics/engine.py;trading_system/strategy_lab/evaluator.py,tests/capital_flow/test_flow.py;tests/analytics/test_engine.py,TEST
REQ_SDS_MOD_006,SDS,Every concrete strategy SHALL implement a single `evaluate(state) ->…,Documentations/SDS.md,Documentations/SDD.md,Documentations/Test-Plan.md,trading_system/strategies/ensemble.py;trading_system/strategies/__init__.py;trading_system/strategies/core.py;trading_system/strategies/state.py;trading_system/strategies/tactical.py;trading_system/strategies/protocol.py;trading_system/screener/engine.py;trading_system/screener/__init__.py,tests/strategies/test_protocol.py,TEST
REQ_SDS_MOD_007,SDS,"The turbo selector SHALL emit ""no trade"" when the best candidate's sc…",Documentations/SDS.md,Documentations/SDD.md,Documentations/Test-Plan.md,,,TP
REQ_SDS_MOD_008,SDS,Structured products that cannot be decomposed into equity-equiv expos…,Documentations/SDS.md,Documentations/SDD.md,Documentations/Test-Plan.md,trading_system/structured_products/decomposers.py;trading_system/structured_products/__init__.py;trading_system/structured_products/admission.py;trading_system/structured_products/decomposition.py,tests/structured_products/test_admission.py,TEST
REQ_SDS_MOD_009,SDS,"Risk-engine internal inconsistencies (e.g., contradictory limit evalu…",Documentations/SDS.md,Documentations/SDD.md,Documentations/Test-Plan.md,trading_system/risk/engine.py;trading_system/risk/__init__.py,,CODE
REQ_SDS_MOD_010,SDS,`safety/state_manager` SHALL be the single writer for `KillSwitchStat…,Documentations/SDS.md,Documentations/SDD.md,Documentations/Test-Plan.md,trading_system/safety/__init__.py;trading_system/safety/state_manager.py;trading_system/safety/protocol.py,,CODE
REQ_SDS_MOD_011,SDS,The portfolio's primary equity curve SHALL be after-tax; any gross vi…,Documentations/SDS.md,Documentations/SDD.md,Documentations/Test-Plan.md,trading_system/strategies/protocol.py;trading_system/analytics/engine.py;trading_system/portfolio/__init__.py;trading_system/portfolio/portfolio.py,tests/analytics/test_engine.py;tests/portfolio/test_portfolio.py,TEST
REQ_SDS_MOD_012,SDS,The milestone controller SHALL include a fake-growth detector that re…,Documentations/SDS.md,Documentations/SDD.md,Documentations/Test-Plan.md,trading_system/milestone_controller/controller.py;trading_system/milestone_controller/__init__.py,tests/milestone_controller/test_controller.py,TEST
REQ_SDS_MOD_013,SDS,The backtesting engine SHALL accept an explicit seed and SHALL produc…,Documentations/SDS.md,Documentations/SDD.md,Documentations/Test-Plan.md,trading_system/backtesting/__init__.py,,CODE
REQ_SDS_MOD_014,SDS,`strategy_lab/` SHALL be offline-only; runtime modules SHALL import o…,Documentations/SDS.md,Documentations/SDD.md,Documentations/Test-Plan.md,trading_system/__init__.py;trading_system/strategy_lab/generator.py;trading_system/strategy_lab/__init__.py;trading_system/strategy_lab/backtester.py;trading_system/strategy_lab/loop_controller.py;trading_system/strategy_lab/optimizer.py;trading_system/strategy_lab/registry.py,,CODE
REQ_SDS_MOD_015,SDS,`dashboard/` SHALL be a read-only view over `analytics/`; it SHALL NO…,Documentations/SDS.md,Documentations/SDD.md,Documentations/Test-Plan.md,trading_system/main.py;trading_system/dashboard/engine.py;trading_system/dashboard/view.py;trading_system/dashboard/__init__.py;trading_system/analytics/engine.py;trading_system/analytics/__init__.py,tests/dashboard/test_engine.py,TEST
REQ_SDS_PER_001,SDS,`persistence/` SHALL sit at L2 alongside `data/` and `execution/`; en…,Documentations/SDS.md,Documentations/SDD.md,Documentations/Test-Plan.md,,,TP
REQ_SDS_PER_002,SDS,Every repository SHALL expose: a constructor that takes the `Connecti…,Documentations/SDS.md,Documentations/SDD.md,,,,SDD
REQ_SDS_PER_003,SDS,"The migration runner SHALL be invoked once at process startup, before…",Documentations/SDS.md,Documentations/SDD.md,Documentations/Test-Plan.md,,,TP
REQ_SDS_PER_004,SDS,"The DB connection SHALL be opened with `journal_mode=WAL`, `synchrono…",Documentations/SDS.md,Documentations/SDD.md,Documentations/Test-Plan.md,,,TP
REQ_SDS_SCT_001,SDS,`wealth_ops/sector_rotator/` SHALL sit at L4 alongside `strategies/`;…,Documentations/SDS.md,Documentations/SDD.md,Documentations/Test-Plan.md,trading_system/wealth_ops/sector_rotator/taxonomy.py;trading_system/wealth_ops/sector_rotator/__init__.py,tests/wealth_ops/sector_rotator/test_rotator.py,TEST
REQ_SDS_SCT_002,SDS,The phase engine SHALL be the single authority that activates the rot…,Documentations/SDS.md,Documentations/SDD.md,Documentations/Test-Plan.md,trading_system/wealth_ops/sector_rotator/__init__.py;trading_system/wealth_ops/sector_rotator/rotator.py,tests/wealth_ops/sector_rotator/test_rotator.py,TEST
REQ_SDS_SCT_003,SDS,Holding-period and rotation-cap state SHALL live on the rotator's fro…,Documentations/SDS.md,Documentations/SDD.md,Documentations/Test-Plan.md,trading_system/wealth_ops/sector_rotator/policy.py;trading_system/wealth_ops/sector_rotator/__init__.py;trading_system/wealth_ops/sector_rotator/rotator.py,tests/wealth_ops/sector_rotator/test_policy.py;tests/wealth_ops/sector_rotator/test_rotator.py,TEST
REQ_S_KS_001,SRS,Three states,Documentations/SDS.md,Documentations/SDD.md,Documentations/Test-Plan.md,trading_system/safety/__init__.py;trading_system/safety/state_manager.py;trading_system/models/__init__.py;trading_system/models/safety.py,,CODE
REQ_S_KS_002,SRS,Override priority,Documentations/SDS.md,Documentations/SDD.md,Documentations/Test-Plan.md,trading_system/safety/protocol.py,,CODE
REQ_S_KS_003,SRS,Financial triggers,Documentations/SDS.md,Documentations/SDD.md,Documentations/Test-Plan.md,trading_system/safety/anomaly.py,,CODE
REQ_S_KS_004,SRS,Strategy instability triggers,Documentations/SDS.md,Documentations/SDD.md,Documentations/Test-Plan.md,,,TP
REQ_S_KS_005,SRS,Execution anomaly triggers,Documentations/SDS.md,Documentations/SDD.md,Documentations/Test-Plan.md,trading_system/data/provider.py,,CODE
REQ_S_KS_006,SRS,System integrity triggers,Documentations/SDS.md,Documentations/SDD.md,Documentations/Test-Plan.md,,,TP
REQ_S_KS_007,SRS,Kill actions,Documentations/SDS.md,Documentations/SDD.md,Documentations/Test-Plan.md,trading_system/safety/state_manager.py;trading_system/safety/recovery.py;trading_system/safety/snapshot.py;trading_system/models/safety.py,,CODE
REQ_S_KS_008,SRS,Degraded mode behavior,Documentations/SDS.md,Documentations/SDD.md,Documentations/Test-Plan.md,,,TP
REQ_S_KS_009,SRS,Recovery requires manual confirmation,Documentations/SDS.md,Documentations/SDD.md,Documentations/Test-Plan.md,trading_system/safety/__init__.py;trading_system/safety/state_manager.py;trading_system/safety/recovery.py,,CODE
REQ_S_KS_010,SRS,Conditions immutable at runtime,Documentations/SDS.md,Documentations/SDD.md,Documentations/Test-Plan.md,trading_system/safety/loader.py;trading_system/safety/state_manager.py;trading_system/strategy_lab/scoring.py,,CODE
REQ_S_KS_011,SRS,No trading during KILL,Documentations/SDS.md,Documentations/SDD.md,Documentations/Test-Plan.md,trading_system/safety/protocol.py;trading_system/risk/engine.py,,CODE
REQ_S_KS_012,SRS,Prefer stopping incorrectly,Documentations/SDS.md,Documentations/SDD.md,Documentations/Test-Plan.md,,,TP
REQ_TP_COV_001,TP,Branch coverage SHALL meet §2.5 thresholds; CI SHALL block merges bel…,,,Documentations/Test-Plan.md,,,TP
REQ_TP_COV_002,TP,"`tools/traceability.py --check` SHALL exit 0 in CI; any drift, unknow…",,,Documentations/Test-Plan.md,,,TP
REQ_TP_COV_003,TP,Every approved SRS / SDS / SDD requirement SHALL be referenced by at…,,,Documentations/Test-Plan.md,,,TP
REQ_TP_COV_004,TP,Phase 6 test execution SHALL achieve `reached TEST: 100%` before any…,,,Documentations/Test-Plan.md,,,TP
REQ_TP_FIX_001,TP,All tests SHALL use `EventClock` and seeded RNG by default; tests usi…,,,Documentations/Test-Plan.md,,,TP
REQ_TP_FIX_002,TP,Fundamentals fixtures SHALL cover ≥ 50 EU equities spanning the secto…,,,Documentations/Test-Plan.md,,,TP
REQ_TP_FIX_003,TP,Synthetic regime fixtures (BULL/BEAR/SIDEWAYS/HIGH_VOL) SHALL be reus…,,,Documentations/Test-Plan.md,,,TP
REQ_TP_FIX_004,TP,"Capital-injection schedule fixtures SHALL include: empty, monthly DCA…",,,Documentations/Test-Plan.md,,tests/capital_flow/test_flow.py,TEST
REQ_TP_GAT_001,TP,`must_halt()` < 1 µs measured by `pytest-benchmark`; regression > 50%…,,,Documentations/Test-Plan.md,,,TP
REQ_TP_GAT_002,TP,"Backtest throughput ≥ 10,000 ticks/s on a single core with the mock p…",,,Documentations/Test-Plan.md,,,TP
REQ_TP_GAT_003,TP,Reproducibility: two runs of any shipped strategy with identical (see…,,,Documentations/Test-Plan.md,,,TP
REQ_TP_INT_001,TP,"A meta-test SHALL parse this document, extract every `TC_*` and its ""…",,,Documentations/Test-Plan.md,,,TP
REQ_TP_INT_002,TP,`tools/traceability.py --report` output SHALL be archived in CI as a…,,,Documentations/Test-Plan.md,,,TP
REQ_TP_STR_001,TP,"The test suite SHALL be organized in three tiers (unit, integration,…",,,Documentations/Test-Plan.md,,,TP
REQ_TP_STR_002,TP,Property-based tests (`hypothesis`) SHALL be used for: tax boundaries…,,,Documentations/Test-Plan.md,,,TP
REQ_TP_STR_003,TP,Kill-switch and recovery scenarios SHALL be specified as Given/When/T…,,,Documentations/Test-Plan.md,,,TP
REQ_TP_STR_004,TP,Concrete `BrokerAdapter` implementations SHALL pass the same conforma…,,,Documentations/Test-Plan.md,,,TP
